{
    "version": 8,
    "name": "googleStreets",
    "metadata": {},
    "center": [
      1.537786,
      41.837539
    ],
    "zoom": 12,
    "bearing": 0,
    "pitch": 0,    
    "sources": {
      "googleStreets": {
        "type": "raster",
        "tiles": [
          "https://geosolution.ddns.net/api/v1/proxy/google?s=mt0&lyrs=m&x={x}&y={y}&z={z}",
          "https://geosolution.ddns.net/api/v1/proxy/google?s=mt1&lyrs=m&x={x}&y={y}&z={z}",
          "https://geosolution.ddns.net/api/v1/proxy/google?s=mt2&lyrs=m&x={x}&y={y}&z={z}",
          "https://geosolution.ddns.net/api/v1/proxy/google?s=mt3&lyrs=m&x={x}&y={y}&z={z}"
        ],
        "tileSize": 256,
        "maxzoom": 22
        }      
    },
    "glyphs": "https://tiles.basemaps.cartocdn.com/fonts/{fontstack}/{range}.pbf",
    "layers": [
        {
            "id": "googleStreets",
            "type": "raster",
            "source": "googleStreets"
        }
    ],
    "id": "googleStreets"
  }
  